tournament,date,home_team,away_team,home_score,away_score,p_home,p_draw,p_away,lam_home,lam_away,w_ens
WC 2006,2006-06-09,Germany,Costa Rica,4,2,0.719505819255446,0.1656219710462288,0.11487220969832511,2.6580594573439598,1.005665724179147,0.5
WC 2006,2006-06-09,Poland,Ecuador,0,2,0.48640355092624443,0.2829437659312295,0.23065268314252635,1.4649279857874307,0.9255671818004163,0.5
WC 2006,2006-06-10,Trinidad and Tobago,Sweden,0,0,0.1839071044264542,0.27107614806585706,0.5450167475076888,0.8074433153080006,1.564414402442262,0.5
WC 2006,2006-06-10,Argentina,Ivory Coast,2,1,0.4498862766064834,0.27612301740490364,0.27399070598861297,1.4790818967370458,1.1006449665274523,0.5
WC 2006,2006-06-10,England,Paraguay,1,0,0.4834250898995357,0.28363368848950854,0.23294122161095585,1.44973051678833,0.9254418777146853,0.5
WC 2006,2006-06-11,Serbia,Netherlands,0,1,0.22891521926825015,0.30293800447747615,0.4681467762542736,0.8330976578703018,1.2934491964061325,0.5
WC 2006,2006-06-11,Angola,Portugal,0,1,0.13715878072174187,0.22838338988214027,0.6344578293961178,0.7628500604741149,1.898137956567602,0.5
WC 2006,2006-06-11,Mexico,Iran,3,1,0.3360612603653872,0.2900929333918023,0.3738458062428105,1.198702969584965,1.2772892484285763,0.5
WC 2006,2006-06-12,Australia,Japan,3,1,0.4687789979970428,0.27772250053276143,0.2534985014701958,1.4688918412138596,1.01970354162485,0.5
WC 2006,2006-06-12,Italy,Ghana,2,0,0.5371071937974523,0.28092817373605966,0.18196463246648809,1.4776644618634158,0.7613359494634705,0.5
WC 2006,2006-06-12,United States,Czech Republic,0,3,0.2778745516432829,0.3040473940191074,0.4180780543376098,0.9713938501124044,1.2492584313173276,0.5
WC 2006,2006-06-13,Brazil,Croatia,1,0,0.6108445587375446,0.23539920352747837,0.15375623773497696,1.8575191078736055,0.8216054118355107,0.5
WC 2006,2006-06-13,France,Switzerland,0,0,0.5591057883556629,0.26553764595938667,0.17535656568495034,1.5958540055191155,0.7981614800639545,0.5
WC 2006,2006-06-13,South Korea,Togo,2,1,0.5491613258599006,0.281896669708315,0.16894200443178448,1.4812684722977316,0.6970980517985892,0.5
WC 2006,2006-06-14,Tunisia,Saudi Arabia,2,2,0.47742848231435214,0.2929118875758349,0.22965963010981302,1.3886417384576446,0.8737258891333763,0.5
WC 2006,2006-06-14,Spain,Ukraine,4,0,0.46570184058832464,0.3153802600894793,0.2189178993221963,1.2246170163920165,0.7846324952009378,0.5
WC 2006,2006-06-14,Germany,Poland,1,0,0.5888137628680318,0.21710843627808848,0.19407780085387985,2.1621986234728725,1.147148598470431,0.5
WC 2006,2006-06-15,Ecuador,Costa Rica,3,0,0.3449115116810607,0.2911942263458129,0.36389426197312635,1.1937181245399229,1.2473495283086367,0.5
WC 2006,2006-06-15,England,Trinidad and Tobago,2,0,0.661372280969722,0.2144283993692825,0.12419931966099565,2.0089205345984174,0.7508795026631074,0.5
WC 2006,2006-06-15,Sweden,Paraguay,1,0,0.3944201253391874,0.3119674964732622,0.29361237818755026,1.1697872226263832,0.9789155480956084,0.5
WC 2006,2006-06-16,Argentina,Serbia,6,0,0.44325309464814755,0.2837798520103828,0.27296705334146987,1.3966858840705463,1.0583610529999659,0.5
WC 2006,2006-06-16,Netherlands,Ivory Coast,2,1,0.47854505483234744,0.2933088029994848,0.22814614216816764,1.3756964564974503,0.8676888949044621,0.5
WC 2006,2006-06-16,Mexico,Angola,0,0,0.531496326619312,0.2671095981361102,0.20139407524457784,1.5967662485929952,0.9049628481936425,0.5
WC 2006,2006-06-17,Portugal,Iran,2,0,0.4289673965857425,0.2853688513684242,0.2856637520458333,1.3863639042310487,1.0762554412164185,0.5
WC 2006,2006-06-17,Italy,United States,1,1,0.37950959380357263,0.32440376691495404,0.2960866392814733,1.1065256852714462,0.9450574837617739,0.5
WC 2006,2006-06-17,Czech Republic,Ghana,0,2,0.5871063011612596,0.25144166202106316,0.16145203681767717,1.7047189006569532,0.7788454961268126,0.5
WC 2006,2006-06-18,Brazil,Australia,2,0,0.47647208742935876,0.2660213805046416,0.2575065320659997,1.5896343928402314,1.0986965232335069,0.5
WC 2006,2006-06-18,France,South Korea,1,1,0.4664052823549586,0.3182881822697794,0.2153065353752619,1.2175553007106332,0.7538622190599928,0.5
WC 2006,2006-06-18,Japan,Croatia,0,0,0.3621792896846797,0.3049599154406389,0.33286079487468145,1.1628523718033883,1.095366682305893,0.5
WC 2006,2006-06-19,Saudi Arabia,Ukraine,0,4,0.2261634932280601,0.30827177890034707,0.4655647278715928,0.7979187638888632,1.3367145412068708,0.5
WC 2006,2006-06-19,Spain,Tunisia,3,1,0.48121165647667175,0.29611030505233,0.22267803847099826,1.3552231883079195,0.8376971013441821,0.5
WC 2006,2006-06-19,Togo,Switzerland,0,2,0.19653244068087106,0.26578153312376224,0.5376860261953665,0.8652872691686457,1.6131735584453282,0.5
WC 2006,2006-06-20,Sweden,England,2,2,0.2658017546966615,0.2885884811230875,0.4456097641802508,1.006320587225484,1.3984568826438646,0.5
WC 2006,2006-06-20,Costa Rica,Poland,1,2,0.24865112020887908,0.26447801228170564,0.48687086750941533,1.0941322279317742,1.601327112190218,0.5
WC 2006,2006-06-20,Germany,Ecuador,3,0,0.7059979153309489,0.18153373365217906,0.11246835101687191,2.3962259662635454,0.8591523851316114,0.5
WC 2006,2006-06-20,Paraguay,Trinidad and Tobago,2,0,0.5038004443815556,0.2851197742079783,0.2110797814104661,1.444401405993923,0.8446180956851423,0.5
WC 2006,2006-06-21,Portugal,Mexico,2,1,0.4388118436879518,0.28792850370207806,0.2732596526099702,1.3896657610988987,1.0376388100069658,0.5
WC 2006,2006-06-21,Netherlands,Argentina,0,0,0.41135424241894486,0.29278828670922125,0.2958574708718339,1.315663920932885,1.064207448574408,0.5
WC 2006,2006-06-21,Iran,Angola,1,1,0.5546361285441428,0.2544999949637538,0.19086387649210357,1.698611240384633,0.9100208286693374,0.5
WC 2006,2006-06-21,Ivory Coast,Serbia,3,2,0.36524140815479667,0.30679806347870425,0.32796052836649914,1.1410168423249096,1.0695675155002684,0.5
WC 2006,2006-06-22,Japan,Brazil,1,4,0.17525785336191635,0.24791828107439778,0.5768238655636859,0.8709454358259021,1.7515476633184557,0.5
WC 2006,2006-06-22,Ghana,United States,2,1,0.20978087739729423,0.29813252728521117,0.4920865953174946,0.8053066870389691,1.3637194845243799,0.5
WC 2006,2006-06-22,Czech Republic,Italy,0,2,0.3830692241678041,0.30325948527114577,0.31367129056105014,1.1984246390726416,1.0536824389533437,0.5
WC 2006,2006-06-22,Croatia,Australia,2,2,0.23627325205247524,0.27242318590354153,0.49130356204398357,0.9875150165369126,1.5294033796363382,0.5
WC 2006,2006-06-23,Saudi Arabia,Spain,0,1,0.13283451213072187,0.2423733886253883,0.62479209924389,0.6746618621250209,1.7598972757278837,0.5
WC 2006,2006-06-23,Switzerland,South Korea,2,0,0.30268461732448526,0.31222852126864065,0.38508686140687415,0.9948330490630398,1.1516671508432308,0.5
WC 2006,2006-06-23,Togo,France,0,2,0.09090785651158026,0.21241408621016372,0.6966780572782562,0.5554872673469997,1.9341684373647208,0.5
WC 2006,2006-06-23,Ukraine,Tunisia,1,0,0.33224437919451555,0.3333327341969588,0.3344228866085258,0.9850486732569409,0.9648014548720918,0.5
WC 2006,2006-06-24,Argentina,Mexico,2,1,0.4093257867851271,0.2795278865472496,0.3111463266676232,1.3947705332952804,1.1901330433826454,0.5
WC 2006,2006-06-24,Germany,Sweden,2,0,0.5615522096104573,0.2348922498485624,0.20355554054098024,1.9184423199362937,1.0873499365509085,0.5
WC 2006,2006-06-25,England,Ecuador,1,0,0.578274080817291,0.25345950339718915,0.1682664157855197,1.710213725253302,0.7982556467438928,0.5
WC 2006,2006-06-25,Portugal,Netherlands,1,0,0.34612535135199235,0.3071472579709253,0.3467273906770826,1.1328355335091937,1.1107948730760464,0.5
WC 2006,2006-06-26,Switzerland,Ukraine,0,0,0.31033191729722254,0.3158799988775909,0.3737880838251867,0.9892163181335444,1.1402267447449577,0.5
WC 2006,2006-06-26,Italy,Australia,1,0,0.3288720771636746,0.2972364051400623,0.37389151769626316,1.1175716808435983,1.2149157512601663,0.5
WC 2006,2006-06-27,Spain,France,1,3,0.32169316134608594,0.3218356046990803,0.35647123395483393,1.010410252586671,1.060488756006752,0.5
WC 2006,2006-06-27,Brazil,Ghana,3,0,0.7006387618764164,0.1973591411364514,0.1020020969871323,2.1353407680308933,0.6923557776984983,0.5
WC 2006,2006-06-30,Germany,Argentina,1,1,0.4958361209371808,0.23801939919883464,0.2661444798639845,1.879930538005481,1.3603647040181068,0.5
WC 2006,2006-06-30,Italy,Ukraine,3,0,0.4172604096721373,0.3287164043482076,0.25402318597965523,1.1116806447078682,0.8524272462460658,0.5
WC 2006,2006-07-01,Brazil,France,0,1,0.4140893123036804,0.30041098335452265,0.28549970434179694,1.272734836464342,1.006364756843062,0.5
WC 2006,2006-07-01,England,Portugal,0,0,0.33799797150779626,0.29193451862766706,0.3700675098645366,1.1768688890403276,1.2493822219085375,0.5
WC 2006,2006-07-04,Germany,Italy,0,2,0.4363414110834552,0.266634611825535,0.29702397709100964,1.5358972233017663,1.2191319904072357,0.5
WC 2006,2006-07-05,Portugal,France,0,1,0.31280759088778065,0.3113848743056563,0.37580753480656315,1.0462396805861651,1.1433497528256693,0.5
WC 2006,2006-07-08,Germany,Portugal,3,1,0.41514252455330036,0.25950487764057334,0.32535259780612635,1.6009190597222338,1.3734820844334388,0.5
WC 2006,2006-07-09,Italy,France,1,1,0.27442237324127955,0.3216855966309589,0.40389203012776154,0.9023109205225437,1.1460219857166662,0.5
EURO 2008,2008-06-07,Switzerland,Czech Republic,0,1,0.29607787720276557,0.26930528554716193,0.43461683725007283,1.18651841569117,1.4988010132965492,1.0
EURO 2008,2008-06-07,Portugal,Turkey,2,0,0.4348506399936866,0.2927276717401477,0.27242168826616575,1.31278072580709,0.9716845143735555,1.0
EURO 2008,2008-06-08,Germany,Poland,2,0,0.5351351288308516,0.2495837035275927,0.21528116764155592,1.7168110173304338,1.0258870176917332,1.0
EURO 2008,2008-06-08,Austria,Croatia,0,1,0.26726241248872973,0.2603379792908278,0.47239960822044263,1.1337054261955304,1.598679944869978,1.0
EURO 2008,2008-06-09,Romania,France,0,0,0.23922933814392985,0.3554899469961066,0.40528071485996353,0.6720357317615179,0.9748332177890939,1.0
EURO 2008,2008-06-09,Netherlands,Italy,3,0,0.3602684048924548,0.3527471346929687,0.28698446041457665,0.9477620061196437,0.7848378162250329,1.0
EURO 2008,2008-06-10,Greece,Sweden,0,2,0.27708336268250167,0.34415972879493734,0.378756908522561,0.8014573530142205,0.9855361129577249,1.0
EURO 2008,2008-06-10,Spain,Russia,4,1,0.509857211198836,0.3005027252724766,0.18964006352868742,1.320635742678606,0.7052942995730619,1.0
EURO 2008,2008-06-11,Czech Republic,Portugal,1,3,0.37949333446225697,0.3025565095782974,0.3179501559594454,1.1689778240040043,1.0592314239569323,1.0
EURO 2008,2008-06-11,Switzerland,Turkey,1,2,0.4188202242284188,0.268149864466642,0.3130299113049392,1.4705365340425032,1.2458420552062257,1.0
EURO 2008,2008-06-12,Croatia,Germany,2,1,0.2679351747775329,0.2754766172787477,0.4565882079437192,1.0561447974925828,1.4575940915593162,1.0
EURO 2008,2008-06-12,Austria,Poland,1,1,0.3306719204554195,0.2584692856630214,0.4108587938815591,1.3353223489110004,1.5528789279462074,1.0
EURO 2008,2008-06-13,Italy,Romania,1,1,0.3486420764181702,0.33832765926359637,0.3130302643182333,0.9619422433571323,0.8985303684425617,1.0
EURO 2008,2008-06-13,Netherlands,France,4,1,0.2788069126854093,0.3813581182504702,0.3398349690641205,0.7088574361959302,0.7953554167276208,1.0
EURO 2008,2008-06-14,Sweden,Spain,1,2,0.23214903763398764,0.34291578137036477,0.42493518099564737,0.6977388065592857,1.052908743161153,1.0
EURO 2008,2008-06-14,Greece,Russia,0,1,0.3436874261966414,0.3243904530548175,0.3319221207485413,1.005246877754501,0.9962080307961426,1.0
EURO 2008,2008-06-15,Switzerland,Portugal,2,0,0.3288038704747936,0.2694311463308383,0.40176498319436826,1.2648908682803646,1.447795211846763,1.0
EURO 2008,2008-06-15,Turkey,Czech Republic,3,2,0.2444008097152232,0.29046075333153737,0.4651384369532396,0.9114790844474723,1.3590299691391021,1.0
EURO 2008,2008-06-16,Austria,Germany,0,1,0.1849125941512857,0.20917917089843324,0.6059082349502811,1.1217545815768348,2.183093259365281,1.0
EURO 2008,2008-06-16,Poland,Croatia,0,1,0.29271511676267326,0.2956740105094584,0.41161087272786856,1.0368165173756452,1.2572212986155118,1.0
EURO 2008,2008-06-17,Netherlands,Romania,2,0,0.38745180805254803,0.33620214419985506,0.27634604774759686,1.047794150886548,0.8104763726397395,1.0
EURO 2008,2008-06-17,France,Italy,0,2,0.3766997816939994,0.37500135594580913,0.24829886236019144,0.8817666001877665,0.6507765975003331,1.0
EURO 2008,2008-06-18,Russia,Sweden,2,0,0.278496929389873,0.3227398729945228,0.3987631976156041,0.8830988328961932,1.0957819195815024,1.0
EURO 2008,2008-06-18,Greece,Spain,1,2,0.19191183327286382,0.3245839491776355,0.48350421754950046,0.6400906460016698,1.1877675595976154,1.0
EURO 2008,2008-06-19,Portugal,Germany,2,3,0.31244364335526786,0.2774041943836784,0.4101521622610538,1.1854351937391785,1.3738073631892462,1.0
EURO 2008,2008-06-20,Croatia,Turkey,1,1,0.384229124403628,0.3036153736605035,0.31215550193586844,1.169601291687947,1.0309462920060612,1.0
EURO 2008,2008-06-21,Netherlands,Russia,1,3,0.5125174977302758,0.29799756874846206,0.18948493352126217,1.3547858412875227,0.6989367402178404,1.0
EURO 2008,2008-06-22,Spain,Italy,0,0,0.35784117411679156,0.3550384268316589,0.2871203990515496,0.9238717609012471,0.791976735548859,1.0
EURO 2008,2008-06-25,Germany,Turkey,3,2,0.5029799153283336,0.2620158035452277,0.23500428112643862,1.5971606475844977,1.0200786727274536,1.0
EURO 2008,2008-06-26,Russia,Spain,0,3,0.18964006352868734,0.30050272527247657,0.5098572111988361,0.7052942995730619,1.320635742678606,1.0
EURO 2008,2008-06-29,Germany,Spain,0,1,0.32602457554888986,0.30630344238642043,0.3676719820646898,1.060563121537129,1.143535099516803,1.0
WC 2010,2010-06-11,South Africa,Mexico,1,1,0.31422489536535675,0.2913866188210584,0.3943884858135848,1.1028465158061393,1.2530835263175577,0.7000000000000001
WC 2010,2010-06-11,Uruguay,France,0,0,0.3184285601342622,0.3108625536436991,0.37070888622203874,1.0135695874201998,1.089599532592552,0.7000000000000001
WC 2010,2010-06-12,Argentina,Nigeria,1,0,0.472606275376868,0.28889816815713876,0.2384955564659932,1.3404248925129354,0.880678611090927,0.7000000000000001
WC 2010,2010-06-12,England,United States,1,1,0.5382138146292553,0.2507569725458249,0.21102921282491988,1.7478285877256465,0.9704238398625524,0.7000000000000001
WC 2010,2010-06-12,South Korea,Greece,2,0,0.4703211520651688,0.30366300036915644,0.22601584756567455,1.2683964317294136,0.7749198637928829,0.7000000000000001
WC 2010,2010-06-13,Serbia,Ghana,0,1,0.47396706589570176,0.2895957785125505,0.23643715559174755,1.3414767258083442,0.8553253331762902,0.7000000000000001
WC 2010,2010-06-13,Algeria,Slovenia,0,1,0.22724018520309772,0.30061403395553393,0.4721457808413684,0.8105529833043782,1.3499174698923897,0.7000000000000001
WC 2010,2010-06-13,Germany,Australia,4,0,0.42471986009120555,0.2833768637463303,0.2919032761624639,1.3317997571838314,1.0495270162509152,0.7000000000000001
WC 2010,2010-06-14,Netherlands,Denmark,2,0,0.5267314923414104,0.2808641653296517,0.19240434232893802,1.4397163987210533,0.7508210649843599,0.7000000000000001
WC 2010,2010-06-14,Italy,Paraguay,1,1,0.42332115119356406,0.31808458018043173,0.2585942686260041,1.1461744460274195,0.8229663943985743,0.7000000000000001
WC 2010,2010-06-14,Japan,Cameroon,1,0,0.3905569282645682,0.2897921578345483,0.3196509139008834,1.2469306972184189,1.119400802228026,0.7000000000000001
WC 2010,2010-06-15,Brazil,North Korea,2,1,0.6941754955651347,0.2034157577788243,0.10240874665604092,2.0077682257764535,0.6194894500723785,0.7000000000000001
WC 2010,2010-06-15,Ivory Coast,Portugal,0,0,0.2885593689949866,0.28686804149985295,0.4245725895051605,1.0257456399555263,1.3160697970696569,0.7000000000000001
WC 2010,2010-06-15,New Zealand,Slovakia,1,1,0.2732423571504361,0.26870926132403733,0.4580483815255265,1.0717721597114385,1.4805563328515603,0.7000000000000001
WC 2010,2010-06-16,Honduras,Chile,0,1,0.2660992686592535,0.29459241499000854,0.4393083163507381,0.9445299372020954,1.314562399866736,0.7000000000000001
WC 2010,2010-06-16,South Africa,Uruguay,0,3,0.35845393756421434,0.2955984058849138,0.3459476565508719,1.1484556753010884,1.1358708094638894,0.7000000000000001
WC 2010,2010-06-16,Spain,Switzerland,0,1,0.652735806472716,0.22430042472479808,0.12296376880248606,1.8447666165807215,0.6531405412111225,0.7000000000000001
WC 2010,2010-06-17,Argentina,South Korea,4,1,0.4242172909570382,0.29901812443638565,0.27676458460657616,1.231470344271196,0.9504429497472289,0.7000000000000001
WC 2010,2010-06-17,France,Mexico,0,2,0.30889080952950554,0.30673852014454334,0.3843706703259511,1.0021605388141444,1.1662515226710428,0.7000000000000001
WC 2010,2010-06-17,Greece,Nigeria,2,1,0.25836656391336515,0.3126111355204049,0.42902230056622975,0.8281044980163368,1.1800156906007477,0.7000000000000001
WC 2010,2010-06-18,England,Algeria,0,0,0.7031856500536104,0.20028141437883668,0.09653293556755269,2.0557420934460002,0.6003399185809654,0.7000000000000001
WC 2010,2010-06-18,Germany,Serbia,0,1,0.4322605589584624,0.2815738136072333,0.2861656274343042,1.3563777917137407,1.039754661255297,0.7000000000000001
WC 2010,2010-06-18,Slovenia,United States,2,2,0.3086978809936794,0.2900012988364357,0.40130082016988483,1.1898701252172423,1.2968228241115758,0.7000000000000001
WC 2010,2010-06-19,Netherlands,Japan,1,0,0.5395986310705552,0.27225122059570844,0.18815014833373622,1.5387137919354954,0.7670792707794399,0.7000000000000001
WC 2010,2010-06-19,Cameroon,Denmark,1,2,0.3170696745566045,0.2948343275906898,0.38809599785270577,1.0656629560658697,1.2092907426652664,0.7000000000000001
WC 2010,2010-06-19,Ghana,Australia,1,1,0.22534232625328973,0.2891077887252447,0.4855498850214654,0.8222998931960666,1.3535084437294889,0.7000000000000001
WC 2010,2010-06-20,Brazil,Ivory Coast,3,1,0.5955283901484097,0.23134880103302619,0.17312280881856412,1.8557157329936238,0.8777603138810612,0.7000000000000001
WC 2010,2010-06-20,Italy,New Zealand,1,1,0.5956334418472456,0.24575649767396485,0.1586100604787895,1.698674277543041,0.7465374829043144,0.7000000000000001
WC 2010,2010-06-20,Slovakia,Paraguay,0,2,0.2972670266621176,0.30073857548634275,0.4019943978515398,0.9888234980134356,1.1866521087384139,0.7000000000000001
WC 2010,2010-06-21,Chile,Switzerland,1,0,0.4370178936341623,0.3052908639522317,0.25769124241360597,1.2375351232161556,0.8653574227291725,0.7000000000000001
WC 2010,2010-06-21,Portugal,North Korea,7,0,0.5311566800485904,0.2828414561416171,0.18600186380979242,1.4267371460590144,0.7166374540101336,0.7000000000000001
WC 2010,2010-06-21,Spain,Honduras,2,0,0.6647992851409731,0.21273433058194827,0.12246638427707857,1.9682736916088441,0.7028771701298351,0.7000000000000001
WC 2010,2010-06-22,Greece,Argentina,0,2,0.17344622396924175,0.2522591512821745,0.5742946247485838,0.7855240579926703,1.6456276437688886,0.7000000000000001
WC 2010,2010-06-22,Mexico,Uruguay,0,1,0.4256560688330342,0.2776215543255062,0.2967223768414596,1.36520657040791,1.121860273379817,0.7000000000000001
WC 2010,2010-06-22,Nigeria,South Korea,2,2,0.29531232039023037,0.32671725463307116,0.37797042497669864,0.8802446778566848,1.0341596114174998,0.7000000000000001
WC 2010,2010-06-22,South Africa,France,2,1,0.3250153653585516,0.32349152363336886,0.3514931110080797,1.0195775499825472,1.0054451533802793,0.7000000000000001
WC 2010,2010-06-23,Slovenia,England,0,1,0.18553037063726138,0.26608631504416663,0.548383314318572,0.822514445358931,1.5798710610758824,0.7000000000000001
WC 2010,2010-06-23,United States,Algeria,1,0,0.5457329266905929,0.25976781390496323,0.19449925940444382,1.6248365557713202,0.8818265127661606,0.7000000000000001
WC 2010,2010-06-23,Australia,Serbia,2,1,0.36181894356066235,0.3016245896615656,0.3365564667777722,1.1119160655733422,1.0682279953818148,0.7000000000000001
WC 2010,2010-06-23,Ghana,Germany,0,1,0.18575171092512038,0.25255765266682095,0.5616906364080584,0.8332664504411166,1.6603739418107002,0.7000000000000001
WC 2010,2010-06-24,Cameroon,Netherlands,1,2,0.16776909558244452,0.2514319372401863,0.5807989671773692,0.7659776053112007,1.670572370396361,0.7000000000000001
WC 2010,2010-06-24,Denmark,Japan,1,3,0.35043717092808924,0.30665710053224593,0.34290572853966483,1.094097556620472,1.0659684284572144,0.7000000000000001
WC 2010,2010-06-24,Paraguay,New Zealand,0,0,0.5027010225120168,0.2776388538826985,0.2196601236052849,1.4368912131715201,0.8493238176046741,0.7000000000000001
WC 2010,2010-06-24,Slovakia,Italy,3,2,0.23218161520418817,0.28395214182263856,0.4838662429731734,0.8846492559676745,1.3860587739953703,0.7000000000000001
WC 2010,2010-06-25,Chile,Spain,1,2,0.1902891158155644,0.2791354563390286,0.530575427845407,0.7698892620910214,1.447936977568176,0.7000000000000001
WC 2010,2010-06-25,North Korea,Ivory Coast,0,3,0.22878261386472318,0.2785154932580489,0.4927018928772278,0.8878540684912762,1.4320883663009205,0.7000000000000001
WC 2010,2010-06-25,Portugal,Brazil,0,0,0.23395018578464022,0.27983489690866237,0.4862149173066975,0.8969872008302557,1.424768868933353,0.7000000000000001
WC 2010,2010-06-25,Switzerland,Honduras,0,0,0.34473331504613225,0.2941246401300407,0.361142044823827,1.1275526534737188,1.167225507045028,0.7000000000000001
WC 2010,2010-06-26,United States,Ghana,1,2,0.4205403803155843,0.283430366879084,0.29602925280533177,1.3381173357279152,1.0991897343495323,0.7000000000000001
WC 2010,2010-06-26,Uruguay,South Korea,2,1,0.3367833156916584,0.30582453261923326,0.3573921516891084,1.0505194715550266,1.0888521467180827,0.7000000000000001
WC 2010,2010-06-27,Argentina,Mexico,3,1,0.39307387195216603,0.2775179740699226,0.32940815397791134,1.3424652509521828,1.1951360988604864,0.7000000000000001
WC 2010,2010-06-27,Germany,England,4,1,0.3392956551701567,0.27873453481692945,0.38196981001291375,1.2153491129462615,1.299433882208291,0.7000000000000001
WC 2010,2010-06-28,Brazil,Chile,3,0,0.5506384325314526,0.2658624840066851,0.18349908346186236,1.5729880489090795,0.7904852720906648,0.7000000000000001
WC 2010,2010-06-28,Netherlands,Slovakia,2,1,0.6076150605211578,0.24044081407692264,0.1519441254019196,1.7362218619846919,0.7380828953528276,0.7000000000000001
WC 2010,2010-06-29,Paraguay,Japan,0,0,0.33329113542499095,0.31496458020360135,0.3517442843714077,1.025287731712392,1.0427107036298537,0.7000000000000001
WC 2010,2010-06-29,Spain,Portugal,1,0,0.4688495020517522,0.29126148991664363,0.2398890080316042,1.3213203813117211,0.8736534279861283,0.7000000000000001
WC 2010,2010-07-02,Uruguay,Ghana,1,1,0.48052957326243173,0.28044302297944684,0.23902740375812162,1.4120635929269276,0.8979200294245802,0.7000000000000001
WC 2010,2010-07-02,Netherlands,Brazil,2,1,0.2790461378512342,0.29297449554110505,0.42797936660766067,0.9676910721610787,1.2770508426053424,0.7000000000000001
WC 2010,2010-07-03,Argentina,Germany,0,4,0.3701270336747651,0.2753766482149705,0.3544963181102644,1.2953705499209636,1.2712095376977988,0.7000000000000001
WC 2010,2010-07-03,Paraguay,Spain,0,1,0.1425897105748623,0.251690448101961,0.6057198413231768,0.6455147604387792,1.6567599567622895,0.7000000000000001
WC 2010,2010-07-06,Uruguay,Netherlands,2,3,0.23395409895133726,0.2806927336025123,0.4853531674461503,0.8925664315328447,1.3985332127718015,0.7000000000000001
WC 2010,2010-07-07,Germany,Spain,0,1,0.2496344063027795,0.2741099772993663,0.47625561639785413,0.982112425372625,1.443092844318316,0.7000000000000001
WC 2010,2010-07-10,Uruguay,Germany,2,3,0.2799948328070939,0.27111307419645764,0.4488920929964484,1.0914724587002471,1.4458001854136526,0.7000000000000001
WC 2010,2010-07-11,Netherlands,Spain,0,1,0.28655697241253786,0.30450642666935157,0.40893660091811057,0.9433520933994373,1.1860572561604195,0.7000000000000001
EURO 2012,2012-06-08,Poland,Greece,1,1,0.47524289155919935,0.28947764035650486,0.23527946808429584,1.3638856340737924,0.8902160096579232,0.75
EURO 2012,2012-06-08,Russia,Czech Republic,4,1,0.35879779109006593,0.32577924287143384,0.3154229660385005,1.031836900057068,0.9422815311267694,0.75
EURO 2012,2012-06-09,Netherlands,Denmark,0,1,0.5034842907383492,0.28018194852758604,0.21633376073406474,1.4722671500949123,0.8708793852134302,0.75
EURO 2012,2012-06-09,Germany,Portugal,1,0,0.3869022839938166,0.26604755920689244,0.3470501567992912,1.431264653422742,1.3506513357159458,0.75
EURO 2012,2012-06-10,Spain,Italy,1,1,0.5397374324640318,0.2805755639232952,0.17968700361267315,1.4797415659515245,0.7205283889715932,0.75
EURO 2012,2012-06-10,Republic of Ireland,Croatia,1,3,0.3018794772061502,0.33486755737103596,0.36325296542281366,0.8821720204330761,0.9959686381019351,0.75
EURO 2012,2012-06-11,France,England,1,1,0.32106802281642355,0.3294355197552143,0.3494964574283622,0.9556937846324702,1.0034441037655197,0.75
EURO 2012,2012-06-11,Ukraine,Sweden,2,1,0.348989596083912,0.2755686827701852,0.37544172114590285,1.2822522773482183,1.3576976408396204,0.75
EURO 2012,2012-06-12,Poland,Russia,1,1,0.38118550465941814,0.30048944306465963,0.3183250522759225,1.1799079662104353,1.0530827948893156,0.75
EURO 2012,2012-06-12,Greece,Czech Republic,1,2,0.2787381892360643,0.3256239363269311,0.3956378744370046,0.8809360612886638,1.0867486627572356,0.75
EURO 2012,2012-06-13,Denmark,Portugal,2,3,0.28677803228146104,0.2966983175843518,0.41652365013418735,1.004592956568889,1.2737398673499816,0.75
EURO 2012,2012-06-13,Netherlands,Germany,1,2,0.43737427524070815,0.2642943850003661,0.29833133975892545,1.5498589692096212,1.2262470424956917,0.75
EURO 2012,2012-06-14,Spain,Republic of Ireland,4,0,0.5637246492246586,0.2773525725556264,0.15892277821971493,1.4843501892412039,0.6457742648585278,0.75
EURO 2012,2012-06-14,Italy,Croatia,1,1,0.3403867555285204,0.32718177555562916,0.3324314689158505,0.9882689771422496,0.9850948010421445,0.75
EURO 2012,2012-06-15,Sweden,England,2,3,0.28485853565045904,0.300841235731836,0.4143002286177049,0.9905479101577221,1.2399577042696872,0.75
EURO 2012,2012-06-15,Ukraine,France,0,2,0.29009426304014296,0.2946370537182906,0.4152686832415663,1.0246828509838108,1.2935774728462035,0.75
EURO 2012,2012-06-16,Poland,Czech Republic,0,1,0.4170951442796639,0.2859217553730831,0.29698310034725306,1.337216181841885,1.0954003325925235,0.75
EURO 2012,2012-06-16,Greece,Russia,1,0,0.2517090065552464,0.33412219476487703,0.4141687986798765,0.7720560211760352,1.0756749024852927,0.75
EURO 2012,2012-06-17,Portugal,Netherlands,2,1,0.2677134233545717,0.2904028413029701,0.44188373534245806,0.9890413374236129,1.3537171719446746,0.75
EURO 2012,2012-06-17,Denmark,Germany,1,2,0.28107474641310065,0.2638191318721588,0.4551061217147408,1.184658850560639,1.565185481559022,0.75
EURO 2012,2012-06-18,Croatia,Spain,0,1,0.1790444131698496,0.26706299755934143,0.553892589270809,0.772803680855427,1.578618231871956,0.75
EURO 2012,2012-06-18,Italy,Republic of Ireland,2,0,0.35982157158182904,0.345516552301925,0.29466187611624595,0.944937750610134,0.8427809470286337,0.75
EURO 2012,2012-06-19,Ukraine,England,0,1,0.289630612429322,0.26399489350646155,0.44637449406421625,1.192822093087979,1.554765837439427,0.75
EURO 2012,2012-06-19,Sweden,France,2,0,0.2892404053861953,0.33592348758129525,0.3748361070325093,0.8701092966874172,1.0257003175088701,0.75
EURO 2012,2012-06-21,Czech Republic,Portugal,0,1,0.2757254028019762,0.2974540493917162,0.4268205478063075,0.9733715608884356,1.2847095295688773,0.75
EURO 2012,2012-06-22,Germany,Greece,4,2,0.5173965958235447,0.26730449201011164,0.21529891216634373,1.5647485764481157,0.9462796757564472,0.75
EURO 2012,2012-06-23,Spain,France,2,0,0.44595815036600583,0.31574931068556694,0.23829253894842742,1.2157631207940962,0.7970345080335318,0.75
EURO 2012,2012-06-24,England,Italy,0,0,0.4294577229129814,0.31029685709045424,0.26024541999656425,1.2081137619956162,0.8718762886884232,0.75
EURO 2012,2012-06-27,Portugal,Spain,0,0,0.2189662559897007,0.27311138885250386,0.5079223551577955,0.898060679436841,1.5248225842311225,0.75
EURO 2012,2012-06-28,Germany,Italy,1,2,0.4235993225069148,0.28227993312730143,0.29412074436578356,1.3734489905374785,1.1044019124146989,0.75
EURO 2012,2012-07-01,Spain,Italy,4,0,0.5349681149101756,0.2821844819398781,0.1828474031499461,1.465594011549261,0.7265238053000367,0.75
WC 2014,2014-06-12,Brazil,Croatia,3,1,0.7805966035561853,0.14728140461828057,0.07212199182553415,2.606915562862636,0.6499463802065064,0.7000000000000001
WC 2014,2014-06-13,Chile,Australia,3,1,0.5447284698888115,0.24258822926715298,0.21268330084403575,1.8263022104178752,1.0235208432377263,0.7000000000000001
WC 2014,2014-06-13,Mexico,Cameroon,1,0,0.5075574482796755,0.2706905445164943,0.22175200720383018,1.4989908231741786,0.9124352710278608,0.7000000000000001
WC 2014,2014-06-13,Spain,Netherlands,1,5,0.4646483809611387,0.2933755295352157,0.24197608950364558,1.3305251408482288,0.8676104793187436,0.7000000000000001
WC 2014,2014-06-14,Uruguay,Costa Rica,1,3,0.5439833200972592,0.2633766534988358,0.1926400264039048,1.5885886601070212,0.8302773931567985,0.7000000000000001
WC 2014,2014-06-14,Ivory Coast,Japan,2,1,0.3732770592451069,0.2673322188782505,0.3593907218766422,1.3828541799965393,1.3457788766080208,0.7000000000000001
WC 2014,2014-06-14,Colombia,Greece,3,0,0.448366501061592,0.3315636535162575,0.22006984542215058,1.1081895747053165,0.7038609284385766,0.7000000000000001
WC 2014,2014-06-14,England,Italy,1,2,0.4508630058810108,0.29899193730381574,0.2501450568151736,1.2812435131661273,0.884014293282349,0.7000000000000001
WC 2014,2014-06-15,Argentina,Bosnia and Herzegovina,2,1,0.6011003663126571,0.22904347739449407,0.16985615629284867,1.8906495824319616,0.8930018088756834,0.7000000000000001
WC 2014,2014-06-15,France,Honduras,3,0,0.5880230181330642,0.2573426063128271,0.1546343755541088,1.680072588223572,0.6874240699432792,0.7000000000000001
WC 2014,2014-06-15,Switzerland,Ecuador,2,1,0.35143418934641046,0.29777818322962757,0.35078762742396197,1.1572757665918918,1.1360383996992254,0.7000000000000001
WC 2014,2014-06-16,Germany,Portugal,4,0,0.4233492364643129,0.26381855418050626,0.31283220935518075,1.504874977224921,1.248819743314275,0.7000000000000001
WC 2014,2014-06-16,Ghana,United States,1,2,0.3214937523103458,0.2929357422557674,0.3855705054338867,1.1005430802451368,1.2149035080814548,0.7000000000000001
WC 2014,2014-06-16,Iran,Nigeria,0,0,0.3904333494018579,0.3098891515173627,0.2996774990807793,1.1439053646222863,0.9723930588024297,0.7000000000000001
WC 2014,2014-06-17,Belgium,Algeria,2,1,0.41859010061044677,0.2936226267661959,0.2877872726233573,1.2502742667903428,1.002316089843317,0.7000000000000001
WC 2014,2014-06-17,Brazil,Mexico,0,0,0.7099286788702786,0.17954973419157846,0.11052158693814294,2.3700811445622816,0.8070308426248302,0.7000000000000001
WC 2014,2014-06-17,Russia,South Korea,1,1,0.4819282033176756,0.2964056866573231,0.22166611002500153,1.3481527452666136,0.8001911524692854,0.7000000000000001
WC 2014,2014-06-18,Spain,Chile,0,2,0.5035408001048635,0.2714158474731285,0.22504335242200824,1.4985633418180024,0.9031822598479061,0.7000000000000001
WC 2014,2014-06-18,Australia,Netherlands,2,3,0.18135516638585686,0.2444267992309895,0.5742180343831536,0.8737678376735736,1.7926222876995026,0.7000000000000001
WC 2014,2014-06-18,Cameroon,Croatia,0,4,0.2912428071026929,0.2994170886966889,0.4093401042006183,0.9749844190553365,1.2023129868262337,0.7000000000000001
WC 2014,2014-06-19,Uruguay,England,2,1,0.36870144352945144,0.29043413315427924,0.3408644233162694,1.211255351708584,1.155085211518535,0.7000000000000001
WC 2014,2014-06-19,Japan,Greece,0,0,0.3981262305128364,0.3109553760367475,0.2909183934504159,1.151519694744013,0.943845022178067,0.7000000000000001
WC 2014,2014-06-19,Colombia,Ivory Coast,2,1,0.42653971906122845,0.29260180435574523,0.2808584765830263,1.2856845099337213,0.9903933477148363,0.7000000000000001
WC 2014,2014-06-20,Honduras,Ecuador,1,2,0.2559792084391029,0.2663141987778471,0.47770659278305005,1.0596805068626889,1.5397172303703384,0.7000000000000001
WC 2014,2014-06-20,Italy,Costa Rica,0,1,0.40665111514997915,0.3097624587707159,0.28358642607930473,1.186775907020884,0.9247939252084784,0.7000000000000001
WC 2014,2014-06-20,Switzerland,France,2,5,0.22674164223666535,0.3105687510453181,0.46268960671801673,0.771366917188624,1.2308058149240637,0.7000000000000001
WC 2014,2014-06-21,Argentina,Iran,1,0,0.5080482377715854,0.27797764028930294,0.21397412193911183,1.4665643783919977,0.8476788428612559,0.7000000000000001
WC 2014,2014-06-21,Germany,Ghana,2,2,0.531608845077949,0.24922649248607115,0.21916466243598007,1.7066925819651249,1.016256984038559,0.7000000000000001
WC 2014,2014-06-21,Nigeria,Bosnia and Herzegovina,1,0,0.3782196857004931,0.28121580832449844,0.3405645059750085,1.2850703361302918,1.203514889693874,0.7000000000000001
WC 2014,2014-06-22,United States,Portugal,2,2,0.28759360277472557,0.2827273784901605,0.42967901873511394,1.0557137286192109,1.3588954723761766,0.7000000000000001
WC 2014,2014-06-22,South Korea,Algeria,2,4,0.32907383462882006,0.306659258600436,0.36426690677074397,1.0511813291564054,1.1581307873693873,0.7000000000000001
WC 2014,2014-06-22,Belgium,Russia,1,0,0.2858323953971697,0.3056300392370941,0.40853756536573615,0.9411709481644099,1.1788547116908301,0.7000000000000001
WC 2014,2014-06-23,Australia,Spain,0,3,0.11670631272359144,0.20377403160443422,0.6795196556719745,0.7150422157345908,2.104383361307703,0.7000000000000001
WC 2014,2014-06-23,Brazil,Cameroon,4,1,0.8251988100504544,0.12273381308956874,0.052067376859976866,2.8485385419122276,0.5898629909797041,0.7000000000000001
WC 2014,2014-06-23,Croatia,Mexico,1,3,0.2714295294381214,0.284009465823055,0.4445610047388236,0.9996157938167667,1.3528034771696684,0.7000000000000001
WC 2014,2014-06-23,Netherlands,Chile,2,0,0.3886091024287003,0.2894420103918463,0.32194888717945336,1.2460242590855883,1.112875864645708,0.7000000000000001
WC 2014,2014-06-24,Japan,Colombia,1,4,0.2799924510964007,0.2949550176783801,0.42505253122521913,0.9898697934337726,1.2673849178065906,0.7000000000000001
WC 2014,2014-06-24,Italy,Uruguay,0,1,0.24525224486154068,0.28075960440548114,0.4739881507329783,0.9426291180035118,1.4118457107715854,0.7000000000000001
WC 2014,2014-06-24,Greece,Ivory Coast,2,1,0.29268106778127023,0.30720777637978874,0.40011115583894113,0.9708999342631939,1.1736652126088212,0.7000000000000001
WC 2014,2014-06-24,Costa Rica,England,0,0,0.20075002473355705,0.2823192406230168,0.5169307346434261,0.7834088820572489,1.4435396830938587,0.7000000000000001
WC 2014,2014-06-25,Bosnia and Herzegovina,Iran,3,1,0.2944634310599152,0.28592786279361604,0.41960870614646884,1.0590960234781548,1.3105262308021528,0.7000000000000001
WC 2014,2014-06-25,Ecuador,France,0,0,0.2294306355438112,0.2875699945060709,0.4829993699501179,0.8510687669621959,1.419724292200685,0.7000000000000001
WC 2014,2014-06-25,Honduras,Switzerland,0,3,0.25015319611914005,0.29058185795420316,0.4592649459266567,0.9091885730282998,1.3872342549506573,0.7000000000000001
WC 2014,2014-06-25,Nigeria,Argentina,2,3,0.18071494429159712,0.2553235657955462,0.5639614899128568,0.820448617532374,1.6493732954050437,0.7000000000000001
WC 2014,2014-06-26,Algeria,Russia,1,1,0.22690365659901107,0.30449791110135765,0.4685984322996314,0.7899641132840459,1.2364296229318321,0.7000000000000001
WC 2014,2014-06-26,South Korea,Belgium,0,1,0.2721708936080421,0.28587409815769665,0.44195500823426137,1.0101082130414696,1.3705715359738004,0.7000000000000001
WC 2014,2014-06-26,Portugal,Ghana,2,1,0.46034283869728215,0.2818915019474569,0.25776565935526097,1.3950935005092853,0.9797701035166942,0.7000000000000001
WC 2014,2014-06-26,United States,Germany,0,1,0.2462726477424435,0.2513959799750611,0.5023313722824956,1.1027063020188022,1.6950442118483224,0.7000000000000001
WC 2014,2014-06-28,Brazil,Chile,1,1,0.7038567515085263,0.17974118484755092,0.11640206364392283,2.3898852821372145,0.8444245105384166,0.7000000000000001
WC 2014,2014-06-28,Colombia,Uruguay,2,0,0.334786547284065,0.30486814218756253,0.3603453105283723,1.0593361999742745,1.1167093753324595,0.7000000000000001
WC 2014,2014-06-29,Costa Rica,Greece,1,1,0.30054010797543285,0.3396717198275459,0.3597881721970211,0.8512339915239044,0.9976805216002167,0.7000000000000001
WC 2014,2014-06-29,Netherlands,Mexico,2,1,0.39291892361228037,0.29314627554710465,0.313934800840615,1.2411731616177357,1.0742619720417985,0.7000000000000001
WC 2014,2014-06-30,Germany,Algeria,2,1,0.5984947210886036,0.23023026575993788,0.17127501315145863,1.8785233942972854,0.8813346316817858,0.7000000000000001
WC 2014,2014-06-30,France,Nigeria,2,0,0.4872335334576188,0.29788127371716333,0.21488519282521792,1.3368052300956028,0.7735345740904218,0.7000000000000001
WC 2014,2014-07-01,Argentina,Switzerland,1,0,0.5465391254553168,0.2655021636040701,0.18795871094061314,1.5576900839823036,0.8069331685828565,0.7000000000000001
WC 2014,2014-07-01,Belgium,United States,2,1,0.32230109952682684,0.28630282682169444,0.3913960736514789,1.131336027579795,1.2714123105052,0.7000000000000001
WC 2014,2014-07-04,Brazil,Colombia,2,1,0.6540502229467919,0.21665119406728392,0.12929858298592412,1.9643722234944652,0.7237347666552781,0.7000000000000001
WC 2014,2014-07-04,France,Germany,0,1,0.3435792030959005,0.28670536254918466,0.3697154343549147,1.1837565709442006,1.2366110940726187,0.7000000000000001
WC 2014,2014-07-05,Argentina,Belgium,1,0,0.5722985549017516,0.24784512431526898,0.17985632078297953,1.7139275754483978,0.843249264148518,0.7000000000000001
WC 2014,2014-07-05,Netherlands,Costa Rica,0,0,0.5384194595245134,0.27650452406579873,0.1850760164096879,1.4861881852487984,0.7475774753004711,0.7000000000000001
WC 2014,2014-07-08,Brazil,Germany,1,7,0.6568016373043584,0.19307816619961848,0.1501201964960231,2.412631754319832,1.0096113143143972,0.7000000000000001
WC 2014,2014-07-09,Netherlands,Argentina,0,0,0.29107224597528947,0.2940714312017681,0.4148563228229425,1.0170302984757766,1.2691695346356497,0.7000000000000001
WC 2014,2014-07-12,Brazil,Netherlands,0,3,0.6443885020543288,0.21320861218735893,0.14240288575831228,2.0403074135717945,0.8237709978129095,0.7000000000000001
WC 2014,2014-07-13,Germany,Argentina,1,0,0.3179680880081167,0.26741922341932045,0.41461268857256295,1.2491490023165843,1.4707211607935755,0.7000000000000001
EURO 2016,2016-06-10,France,Romania,2,1,0.6501851689096465,0.2109528610186092,0.1388619700717444,1.9769037493982249,0.7835659373795779,0.55
EURO 2016,2016-06-11,Wales,Slovakia,2,1,0.2418447234339631,0.29736910772798314,0.46078616883805373,0.8241583762355327,1.268938361744774,0.55
EURO 2016,2016-06-11,England,Russia,1,1,0.4951597130928232,0.2725663731949568,0.2322739137122199,1.4501959568619491,0.9042140582661342,0.55
EURO 2016,2016-06-11,Albania,Switzerland,0,1,0.2706746273281004,0.29034049399399275,0.4389848786779068,0.9398765335283794,1.2876976140029148,0.55
EURO 2016,2016-06-12,Germany,Ukraine,2,0,0.43131321264967765,0.2650292806145628,0.30365750673575986,1.4542290686048287,1.1620147324401686,0.55
EURO 2016,2016-06-12,Poland,Northern Ireland,1,0,0.49118256797229853,0.2803486113337246,0.22846882069397706,1.3873196612108256,0.8554876162718538,0.55
EURO 2016,2016-06-12,Turkey,Croatia,0,1,0.3093333261176604,0.29044600370556856,0.4002206701767712,1.0389005361925847,1.2189338917018369,0.55
EURO 2016,2016-06-13,Spain,Czech Republic,1,0,0.5937859222194011,0.2409059912069725,0.16530808657362653,1.7068525475333947,0.7783768463463385,0.55
EURO 2016,2016-06-13,Republic of Ireland,Sweden,1,1,0.32308663047824626,0.3050005459629909,0.37191282355876276,1.0069411860396813,1.100426465205404,0.55
EURO 2016,2016-06-13,Belgium,Italy,0,2,0.4025247466607551,0.2846497595185553,0.3128254938206894,1.2669075937106737,1.0757805608508826,0.55
EURO 2016,2016-06-14,Austria,Hungary,0,2,0.422879115694511,0.27886742070547693,0.298253463600012,1.3201452643967213,1.067749636391584,0.55
EURO 2016,2016-06-14,Portugal,Iceland,1,1,0.6675798038435848,0.20184685702433713,0.1305733391320778,2.0892002314417235,0.7760986034925783,0.55
EURO 2016,2016-06-15,France,Albania,2,0,0.7551204843432819,0.1647929446640866,0.08008657099263151,2.352244891777837,0.6120624163333357,0.55
EURO 2016,2016-06-15,Romania,Switzerland,1,1,0.377850676714768,0.29233381139829023,0.3298155118869417,1.1674528340153596,1.0779448135071603,0.55
EURO 2016,2016-06-15,Russia,Slovakia,1,2,0.3922175028417144,0.2930325332538217,0.31474996390446397,1.1965750399146318,1.050670927476538,0.55
EURO 2016,2016-06-16,Ukraine,Northern Ireland,0,2,0.5122369823957945,0.28644135982737706,0.20132165777682837,1.3502885641794533,0.7547445419427515,0.55
EURO 2016,2016-06-16,England,Wales,2,1,0.6356536926685166,0.23494804892917096,0.12939825840231256,1.7272169184397967,0.6316464593493891,0.55
EURO 2016,2016-06-16,Germany,Poland,0,0,0.48156956108629173,0.24637059130860142,0.2720598476051069,1.6725801241056177,1.1977163108248767,0.55
EURO 2016,2016-06-17,Czech Republic,Croatia,2,2,0.24997985941429307,0.2735349107165691,0.4764852298691379,0.9588648819302745,1.4240460027501722,0.55
EURO 2016,2016-06-17,Italy,Sweden,1,0,0.36569680800859994,0.29579494645108023,0.3385082455403197,1.1401451921334402,1.076394864600691,0.55
EURO 2016,2016-06-17,Spain,Turkey,3,0,0.5162353495590437,0.27067322688845386,0.2130914235525025,1.474576666367428,0.8491823378685754,0.55
EURO 2016,2016-06-18,Belgium,Republic of Ireland,3,0,0.438618753056406,0.28348728767077763,0.27789395927281624,1.3315031152916266,0.9880227331325113,0.55
EURO 2016,2016-06-18,Iceland,Hungary,1,1,0.3053872983572637,0.2706522652857224,0.4239604363570139,1.133392770144431,1.4032185288312822,0.55
EURO 2016,2016-06-18,Portugal,Austria,0,0,0.5255116674089895,0.2573443190314208,0.21714401355959004,1.5733763137502674,0.9091537570083214,0.55
EURO 2016,2016-06-19,Romania,Albania,0,1,0.4560295131721537,0.299484700761493,0.24448578606635335,1.2507897562732158,0.8282642717943031,0.55
EURO 2016,2016-06-19,France,Switzerland,0,0,0.6792735775458061,0.19129257857342905,0.12943384388076484,2.181099417824557,0.8401975120232776,0.55
EURO 2016,2016-06-20,Russia,Wales,0,3,0.5040768198898071,0.28281268360265316,0.21311049650753977,1.3850318206147971,0.8013163091341434,0.55
EURO 2016,2016-06-20,Slovakia,England,0,0,0.20138064958894286,0.2668543372039474,0.5317650132071099,0.8199165170572282,1.4998447660066723,0.55
EURO 2016,2016-06-21,Northern Ireland,Germany,0,1,0.1770723637238274,0.2327979155187571,0.5901297207574155,0.8857346492414897,1.822801459303935,0.55
EURO 2016,2016-06-21,Ukraine,Poland,0,1,0.3937208247400417,0.28762551365588274,0.3186536616040755,1.2212689170846267,1.086017146840403,0.55
EURO 2016,2016-06-21,Czech Republic,Turkey,0,2,0.2956831401593042,0.2858679317157233,0.41844892812497236,1.0328699644812271,1.2763134762091468,0.55
EURO 2016,2016-06-21,Croatia,Spain,2,1,0.2530551577067428,0.2826598148769231,0.46428502741633415,0.9272613869387147,1.355092477071745,0.55
EURO 2016,2016-06-22,Hungary,Portugal,3,3,0.17714784670970093,0.2501881360085353,0.5726640172817639,0.7830166728223332,1.6279058131587358,0.55
EURO 2016,2016-06-22,Iceland,Austria,2,1,0.25130736363566186,0.2487569304256096,0.49993570593872827,1.0960981316428489,1.6751953776855943,0.55
EURO 2016,2016-06-22,Italy,Republic of Ireland,0,1,0.3816338437022595,0.30383404745729975,0.3145321088404407,1.1320980412888983,0.9980330543936871,0.55
EURO 2016,2016-06-22,Sweden,Belgium,0,1,0.30629837695742546,0.27817997680704565,0.4155216462355289,1.0888891278591069,1.3289118666731976,0.55
EURO 2016,2016-06-25,Croatia,Portugal,0,1,0.33207722883995927,0.29169042922861466,0.37623234193142596,1.078295777761884,1.1746656899177523,0.55
EURO 2016,2016-06-25,Switzerland,Poland,1,1,0.31056899156284984,0.2778441340310825,0.4115868744060678,1.1105262688328779,1.3201232016330933,0.55
EURO 2016,2016-06-25,Wales,Northern Ireland,1,0,0.3208344883286001,0.3226530414216297,0.3565124702497702,0.9166140036640109,1.0102245572166102,0.55
EURO 2016,2016-06-26,France,Republic of Ireland,2,1,0.6415559252309823,0.21539913747281086,0.14304493729620688,1.9516791046546142,0.793636522346894,0.55
EURO 2016,2016-06-26,Germany,Slovakia,3,0,0.5284180167177921,0.24340672762798446,0.22817525565422353,1.7159934014816902,1.0451236883444144,0.55
EURO 2016,2016-06-26,Hungary,Belgium,0,4,0.20504342027976605,0.25208584538495254,0.5428707343352814,0.8954179771895616,1.6276802296332997,0.55
EURO 2016,2016-06-27,England,Iceland,1,2,0.6986565809107868,0.18669450354264505,0.11464891554656811,2.232300501343736,0.7592125172240962,0.55
EURO 2016,2016-06-27,Italy,Spain,2,0,0.19888461003226177,0.2664812611766797,0.5346341287910585,0.8154329656734901,1.506438067905937,0.55
EURO 2016,2016-06-30,Poland,Portugal,1,1,0.2670889617243839,0.2741988716556532,0.4587121666199628,0.9999782210257053,1.3992383423294,0.55
EURO 2016,2016-07-01,Wales,Belgium,3,1,0.17600075887221595,0.2529855458263044,0.5710136953014795,0.766956992943479,1.623136851333153,0.55
EURO 2016,2016-07-02,Germany,Italy,1,1,0.48853795369339836,0.2518501730024489,0.2596118733041525,1.6176379514990935,1.111828574309973,0.55
EURO 2016,2016-07-03,France,Iceland,5,2,0.8263573493234062,0.11466049798896172,0.058982152687632065,3.0633208266278293,0.7121610025133556,0.55
EURO 2016,2016-07-06,Portugal,Wales,2,0,0.6037798176813742,0.24837639501154382,0.14784378730708206,1.636537119547849,0.6609238255444437,0.55
EURO 2016,2016-07-07,France,Germany,2,0,0.5337466627097192,0.22719673527606613,0.23905660201421483,1.8972322722832846,1.2084602936043658,0.55
EURO 2016,2016-07-10,France,Portugal,0,1,0.5081056565438113,0.2535246078393969,0.23836973561679192,1.5953021879074976,1.022970025531806,0.55
WC 2018,2018-06-14,Russia,Saudi Arabia,5,0,0.520283846440567,0.2495772779217536,0.23013887563767926,1.7187592556056612,1.0560823971149194,0.6000000000000001
WC 2018,2018-06-15,Egypt,Uruguay,0,1,0.22784873966026148,0.28672427615280466,0.48542698418693375,0.8537548326367019,1.3848671999572404,0.6000000000000001
WC 2018,2018-06-15,Morocco,Iran,0,1,0.3252440495052743,0.33217189056960555,0.3425840599251201,0.9632051053118543,0.9729191531106842,0.6000000000000001
WC 2018,2018-06-15,Portugal,Spain,3,3,0.256008301006154,0.2819590787859343,0.4620326202079118,0.9629855084778295,1.3999092117112233,0.6000000000000001
WC 2018,2018-06-16,Croatia,Nigeria,2,0,0.4328443575105435,0.3045582809975526,0.262597361491904,1.2309282317430994,0.88385460100576,0.6000000000000001
WC 2018,2018-06-16,France,Australia,2,1,0.5036737582566025,0.26713635267317337,0.22918988907022406,1.5445712030651984,0.9551106750054272,0.6000000000000001
WC 2018,2018-06-16,Argentina,Iceland,1,1,0.5937520554634926,0.22799753822344454,0.17825040631306283,1.9173343271437004,0.970559924344082,0.6000000000000001
WC 2018,2018-06-16,Peru,Denmark,0,1,0.3870687014528543,0.3181614226004517,0.2947698759466941,1.0931769696937486,0.9159400060581241,0.6000000000000001
WC 2018,2018-06-17,Brazil,Switzerland,1,1,0.5539831026012336,0.26481032340998456,0.1812065739887817,1.575177078543366,0.8238433812887918,0.6000000000000001
WC 2018,2018-06-17,Germany,Mexico,0,1,0.46075339007887217,0.27057407393366256,0.2686725359874653,1.4799367818883078,1.0722339711750903,0.6000000000000001
WC 2018,2018-06-17,Costa Rica,Serbia,0,1,0.2763774146289182,0.29676970097190364,0.42685288439917823,0.9598478245472031,1.268462957941091,0.6000000000000001
WC 2018,2018-06-18,Sweden,South Korea,1,0,0.3977426755399166,0.3029038945215995,0.2993534299384837,1.1852356437948912,0.9959215799569787,0.6000000000000001
WC 2018,2018-06-18,Belgium,Panama,3,0,0.6028694856368986,0.2393605696712253,0.15776994469187627,1.7657015923517008,0.7749866781788921,0.6000000000000001
WC 2018,2018-06-18,Tunisia,England,1,2,0.21446409262287186,0.2954989266142927,0.49003698076283536,0.7874765726048634,1.3233264430009557,0.6000000000000001
WC 2018,2018-06-19,Colombia,Japan,1,2,0.5112530720841189,0.27368395752047925,0.2150629703954015,1.493463011530628,0.8789210007432589,0.6000000000000001
WC 2018,2018-06-19,Poland,Senegal,1,2,0.3483850542432693,0.3025759021483994,0.34903904360833127,1.0959538763423975,1.0939949504233057,0.6000000000000001
WC 2018,2018-06-19,Russia,Egypt,3,1,0.4524114793484204,0.2804463814703084,0.26714213918127105,1.3916991198688011,1.0101509369275046,0.6000000000000001
WC 2018,2018-06-20,Iran,Spain,0,1,0.22278068667367834,0.28255618145651434,0.49466313186980715,0.8657875117781999,1.4250195926481444,0.6000000000000001
WC 2018,2018-06-20,Uruguay,Saudi Arabia,1,0,0.5778811594899207,0.2437379397634278,0.17838090074665142,1.7611360853097295,0.8618055108226453,0.6000000000000001
WC 2018,2018-06-20,Portugal,Morocco,1,0,0.38667245586074783,0.31248918582009344,0.3008383583191586,1.1298463356981556,0.975387198959503,0.6000000000000001
WC 2018,2018-06-21,Denmark,Australia,1,1,0.37366713368081367,0.2982938622480706,0.32803900407111564,1.170305732168113,1.0760680900888142,0.6000000000000001
WC 2018,2018-06-21,France,Peru,1,0,0.3956655838670861,0.3056333488235921,0.2987010673093219,1.1721189587591492,0.9884148245800459,0.6000000000000001
WC 2018,2018-06-21,Argentina,Croatia,0,3,0.46403911067225945,0.2859419849757557,0.2500189043519847,1.3623451681706058,0.9366667434090801,0.6000000000000001
WC 2018,2018-06-22,Brazil,Costa Rica,2,0,0.6966347840492985,0.20370752419387775,0.09965769175682376,2.009684349294412,0.6157258911607519,0.6000000000000001
WC 2018,2018-06-22,Nigeria,Iceland,2,0,0.3677414329678391,0.2866577053428398,0.3456008616893212,1.2267771473643276,1.1923837958056063,0.6000000000000001
WC 2018,2018-06-22,Serbia,Switzerland,1,2,0.3030514460363504,0.29743025968096143,0.39951829428268815,1.0208674617556823,1.2338102125349661,0.6000000000000001
WC 2018,2018-06-23,Germany,Sweden,2,1,0.4956052184865223,0.27216379473996105,0.23223098677351658,1.4936342814409294,0.939579045752841,0.6000000000000001
WC 2018,2018-06-23,South Korea,Mexico,1,2,0.2616396243542088,0.28356441633532825,0.4547959593104625,0.9834896328179304,1.378766430862047,0.6000000000000001
WC 2018,2018-06-23,Belgium,Tunisia,5,2,0.5438309513805271,0.2534321328438074,0.20273691577566585,1.6512672545713052,0.9051501460036357,0.6000000000000001
WC 2018,2018-06-24,England,Panama,6,1,0.5578930051227446,0.2767404373700148,0.16536655750724058,1.4770698470593557,0.6746562274828376,0.6000000000000001
WC 2018,2018-06-24,Japan,Senegal,2,2,0.30159400091713295,0.2931342662205454,0.4052717328623216,1.0418961464598206,1.2527562824609892,0.6000000000000001
WC 2018,2018-06-24,Poland,Colombia,0,3,0.2587099080717068,0.29155260017344403,0.44973749175484934,0.95398561515193,1.3226638476194439,0.6000000000000001
WC 2018,2018-06-25,Russia,Uruguay,0,3,0.29851910462367737,0.27189414854901556,0.4295867468273071,1.1579322945232342,1.4405259792410425,0.6000000000000001
WC 2018,2018-06-25,Saudi Arabia,Egypt,2,1,0.29590262355367725,0.2929068683412898,0.4111905081050329,1.0403703492489444,1.2665404636737518,0.6000000000000001
WC 2018,2018-06-25,Spain,Morocco,2,2,0.5107458371332578,0.2758512087325398,0.21340295413420235,1.4888444070569222,0.8840312776576551,0.6000000000000001
WC 2018,2018-06-25,Iran,Portugal,1,1,0.3087656368421776,0.3162682230126399,0.37496614014518254,0.9662027801373265,1.0912598832627385,0.6000000000000001
WC 2018,2018-06-26,Australia,Peru,0,2,0.2749108908668479,0.2895887727434672,0.4355003363896849,0.9885336698646199,1.315791977745984,0.6000000000000001
WC 2018,2018-06-26,Denmark,France,0,0,0.24988742581204904,0.297697356523176,0.45241521766477477,0.8854323921049583,1.2848070103120925,0.6000000000000001
WC 2018,2018-06-26,Nigeria,Argentina,1,2,0.1847111881589249,0.256239601929622,0.559049209911453,0.832822275881515,1.6294899412241286,0.6000000000000001
WC 2018,2018-06-26,Iceland,Croatia,1,2,0.26507943877734386,0.2814260107254589,0.45349455049719745,1.00800879034161,1.4020850461842644,0.6000000000000001
WC 2018,2018-06-27,South Korea,Germany,2,0,0.18890599494092533,0.24327020691882517,0.5678237981402496,0.9203334081157368,1.7602915496099882,0.6000000000000001
WC 2018,2018-06-27,Mexico,Sweden,0,3,0.3857569790635947,0.30237724421756645,0.31186577671883886,1.1685170644562355,1.0208333184488518,0.6000000000000001
WC 2018,2018-06-27,Serbia,Brazil,0,2,0.14713387202319964,0.2326813635840195,0.6201847643927809,0.7741545876863365,1.8289115427694735,0.6000000000000001
WC 2018,2018-06-27,Switzerland,Costa Rica,2,2,0.4588450347495745,0.29995294862134997,0.24120201662907548,1.3135962727349444,0.8475457362977262,0.6000000000000001
WC 2018,2018-06-28,England,Belgium,0,1,0.34323317260329894,0.29168934269364166,0.36507748470305956,1.1412219443213076,1.1950883814490565,0.6000000000000001
WC 2018,2018-06-28,Panama,Tunisia,1,2,0.27921398760373695,0.3093100070303285,0.4114760053659346,0.908536402261134,1.1873541124563642,0.6000000000000001
WC 2018,2018-06-28,Japan,Poland,0,1,0.30457467160837676,0.27155993875643497,0.4238653896351883,1.192147771354771,1.4412919406049172,0.6000000000000001
WC 2018,2018-06-28,Senegal,Colombia,0,1,0.2549969966393091,0.3168416814913303,0.4281613218693605,0.8330131873168103,1.147135912853167,0.6000000000000001
WC 2018,2018-06-30,France,Argentina,4,3,0.3473212079616229,0.2906619652079014,0.36201682683047565,1.1775615862008586,1.1920056055365897,0.6000000000000001
WC 2018,2018-06-30,Uruguay,Portugal,2,1,0.3283910896349031,0.2981144075289591,0.3734945028361381,1.0891627125561658,1.172603607621206,0.6000000000000001
WC 2018,2018-07-01,Russia,Spain,1,1,0.18269430010413823,0.23392974452459905,0.5833759553712625,0.9182000201624861,1.8462474266837021,0.6000000000000001
WC 2018,2018-07-01,Croatia,Denmark,1,1,0.3517302520187912,0.31822067657635217,0.3300490714048566,1.0322720977686477,0.9968939131266896,0.6000000000000001
WC 2018,2018-07-02,Brazil,Mexico,2,0,0.5949627501089974,0.24453860132059577,0.1604986485704068,1.7292983556877501,0.7756264671605504,0.6000000000000001
WC 2018,2018-07-02,Belgium,Japan,3,2,0.5666628128509601,0.23287831805294837,0.20045886909609134,1.8703925286294998,1.0380756673007407,0.6000000000000001
WC 2018,2018-07-03,Colombia,England,1,1,0.3330705646220624,0.3259609192775725,0.3409685161003651,0.968354100575797,0.9993484864304893,0.6000000000000001
WC 2018,2018-07-03,Sweden,Switzerland,1,0,0.2982104233820356,0.3108523344905526,0.39093724212741193,0.950784610156466,1.1582525904111565,0.6000000000000001
WC 2018,2018-07-06,Uruguay,France,0,2,0.3039373256121922,0.292771058722976,0.40329161566483174,1.0565433320534492,1.2531627620077332,0.6000000000000001
WC 2018,2018-07-06,Brazil,Belgium,1,2,0.5173517394757128,0.2546723286781125,0.22797593184617487,1.6553406187952076,1.0260955055163443,0.6000000000000001
WC 2018,2018-07-07,Sweden,England,0,2,0.2523178597081908,0.3088702182561497,0.43881192203565966,0.8439663209146427,1.2118443185403311,0.6000000000000001
WC 2018,2018-07-07,Russia,Croatia,2,2,0.3363013063716481,0.2857481657919058,0.37795052783644617,1.1626900934403432,1.2527569876735205,0.6000000000000001
WC 2018,2018-07-10,France,Belgium,1,0,0.3585796087185794,0.27841487078122606,0.36300552050019463,1.2616096719740493,1.2671022997883328,0.6000000000000001
WC 2018,2018-07-11,Croatia,England,2,1,0.27239423458211814,0.31562293594541196,0.4119828294724701,0.8767262284698347,1.1412802630397207,0.6000000000000001
WC 2018,2018-07-14,Belgium,England,2,0,0.365589183324463,0.29158202022013674,0.34282879645540026,1.1968037996200867,1.140926071974345,0.6000000000000001
WC 2018,2018-07-15,France,Croatia,4,2,0.4443188758913232,0.29824647795157744,0.2574346461570995,1.277712865043874,0.9021716069118615,0.6000000000000001
EURO 2020,2021-06-11,Italy,Turkey,3,0,0.6947763098548222,0.19587324779608234,0.10935044234909531,2.1054755529479,0.6914250815166563,0.55
EURO 2020,2021-06-12,Russia,Belgium,0,3,0.21659405600558274,0.2276160882585533,0.555789855735864,1.1292335410226781,1.9223388553411163,0.55
EURO 2020,2021-06-12,Denmark,Finland,0,1,0.7705972085073431,0.15728730097963198,0.07211549051302477,2.4536057603224775,0.594160599289135,0.55
EURO 2020,2021-06-12,Wales,Switzerland,1,1,0.33055607573212165,0.3044009545810243,0.3650429696868541,1.0373736219557053,1.1055518166604603,0.55
EURO 2020,2021-06-13,England,Croatia,1,0,0.6833368117938451,0.20108694022223828,0.11557624798391668,2.0521562541740925,0.7180127069532618,0.55
EURO 2020,2021-06-13,Netherlands,Ukraine,3,2,0.6702360556557596,0.20230219516712308,0.12746174917711728,2.0884030656291075,0.780612188300638,0.55
EURO 2020,2021-06-13,Austria,North Macedonia,3,1,0.3876185250818521,0.2938151114172872,0.31856636350086065,1.2070891920133617,1.0793423771093558,0.55
EURO 2020,2021-06-14,Scotland,Czech Republic,0,2,0.44649782353513423,0.27497174856950696,0.2785304278953587,1.403853596413239,1.0686887450276454,0.55
EURO 2020,2021-06-14,Poland,Slovakia,1,2,0.4351168721398746,0.28987611089699783,0.27500701696312757,1.2990407113215263,0.9737022003200739,0.55
EURO 2020,2021-06-14,Spain,Sweden,0,0,0.6469693718229407,0.2208045018090559,0.1322261263680034,1.921873630137683,0.7141268171862476,0.55
EURO 2020,2021-06-15,Hungary,Portugal,0,3,0.24537065149640425,0.2723911317669479,0.48223821673664785,0.9786431277733938,1.5143582597761425,0.55
EURO 2020,2021-06-15,Germany,France,0,1,0.38792162497197735,0.2577298005978238,0.35434857443019874,1.4686622037641646,1.3807953290912187,0.55
EURO 2020,2021-06-16,Italy,Switzerland,3,0,0.5887069147076259,0.23840006410568032,0.17289302118669353,1.7860117363621462,0.8444331418855503,0.55
EURO 2020,2021-06-16,Russia,Finland,1,0,0.5494757515750854,0.2474242345884941,0.2031000138364203,1.7056390113270083,0.9272833446604503,0.55
EURO 2020,2021-06-16,Turkey,Wales,0,2,0.37021255907933426,0.3136668010060822,0.3161206399145836,1.083458570142314,0.9678205158254529,0.55
EURO 2020,2021-06-17,Denmark,Belgium,1,2,0.41712589097810315,0.2685196536043172,0.3143544554175798,1.4246896902305362,1.2131889923555672,0.55
EURO 2020,2021-06-17,Ukraine,North Macedonia,2,1,0.39596219603861205,0.2986924190008353,0.30534538496055263,1.1823951482194355,1.0306460497253176,0.55
EURO 2020,2021-06-17,Netherlands,Austria,2,0,0.6716555982483075,0.19866102653712006,0.1296833752145725,2.1290009849804306,0.8223750541017156,0.55
EURO 2020,2021-06-18,Croatia,Czech Republic,1,1,0.39149455183205,0.28011336926191566,0.3283920789060344,1.3050584732536936,1.1607282048651073,0.55
EURO 2020,2021-06-18,England,Scotland,0,0,0.7035322348784661,0.19674738980422435,0.09972037531730951,2.0645393215756864,0.6173075631372581,0.55
EURO 2020,2021-06-18,Sweden,Slovakia,1,0,0.45686045896032323,0.2945160520209944,0.24862348901868214,1.2942504780043254,0.8707726042698525,0.55
EURO 2020,2021-06-19,Germany,Portugal,4,2,0.39085438331320355,0.25703475452661695,0.3521108621601796,1.4857960114637772,1.3775332183384605,0.55
EURO 2020,2021-06-19,Spain,Poland,1,1,0.6895896380486821,0.1967130987373361,0.11369726321398177,2.145403366547722,0.7195202743166489,0.55
EURO 2020,2021-06-19,Hungary,France,1,1,0.24752060458274694,0.2751476229359143,0.4773317724813386,0.9626016519850507,1.5013507681358411,0.55
EURO 2020,2021-06-20,Italy,Wales,1,0,0.6827527213788153,0.21555476912791027,0.10169250949327441,1.890636360582849,0.5593211003190912,0.55
EURO 2020,2021-06-20,Switzerland,Turkey,3,1,0.46283181661976724,0.2751402371602158,0.26202794622001707,1.4344800247312386,1.0109771347632046,0.55
EURO 2020,2021-06-21,Ukraine,Austria,0,1,0.362458609468085,0.29996112151648036,0.3375802690154344,1.1180801087057257,1.086166144179318,0.55
EURO 2020,2021-06-21,Netherlands,North Macedonia,3,0,0.70238385138038,0.18307325947911682,0.11454288914050305,2.3013756455123207,0.8143352062900835,0.55
EURO 2020,2021-06-21,Finland,Belgium,0,2,0.101916890843886,0.18313669818635836,0.7149464109697556,0.7052261394253951,2.232402104915175,0.55
EURO 2020,2021-06-21,Denmark,Russia,4,1,0.7128155148973536,0.1853980544604851,0.10178643064216134,2.220631291775689,0.7176107180539387,0.55
EURO 2020,2021-06-22,Scotland,Croatia,1,3,0.4260784758776652,0.27941621626220925,0.2945053078601254,1.3527444026632525,1.1211704606107555,0.55
EURO 2020,2021-06-22,England,Czech Republic,1,0,0.7092831764755814,0.18832476074382426,0.10239206278059435,2.163968058384818,0.67942324635733,0.55
EURO 2020,2021-06-23,Sweden,Poland,3,2,0.36902948343815556,0.295833237531378,0.33513727903046653,1.1630133116053538,1.09054169440169,0.55
EURO 2020,2021-06-23,Germany,Hungary,2,2,0.644203519970685,0.2029988985826724,0.15279758144664266,2.2777835451903536,0.9426583049504833,0.55
EURO 2020,2021-06-23,Spain,Slovakia,5,0,0.7623924637125723,0.16280181227285523,0.07480572401457247,2.3900119152377517,0.5885149030105099,0.55
EURO 2020,2021-06-23,Portugal,France,2,2,0.35268154040876487,0.3015788876163504,0.34573957197488464,1.097135315192565,1.0933339881842246,0.55
EURO 2020,2021-06-26,Italy,Austria,2,1,0.6211402565284416,0.23548105103476855,0.14337869243678966,1.8124347417799354,0.719875932913401,0.55
EURO 2020,2021-06-26,Wales,Denmark,0,4,0.1816123754017281,0.28758041032923853,0.5308072142690334,0.679920353698521,1.4118095635335122,0.55
EURO 2020,2021-06-27,Netherlands,Czech Republic,0,2,0.5618426509802685,0.24192911113825288,0.1962282378814785,1.7507076255246146,0.9348848722804097,0.55
EURO 2020,2021-06-27,Belgium,Portugal,1,0,0.3846111538398179,0.2808790994723919,0.3345097466877903,1.2868012293777995,1.1712010038375347,0.55
EURO 2020,2021-06-28,Croatia,Spain,3,5,0.17481055386341032,0.24659903320323864,0.5785904129333512,0.8148585730773359,1.706126501728767,0.55
EURO 2020,2021-06-28,France,Switzerland,3,3,0.453747506655251,0.28126637194519033,0.26498612139955874,1.3755053959225172,0.9846797160075396,0.55
EURO 2020,2021-06-29,England,Germany,2,0,0.5617275662582235,0.23492962647459173,0.20334280726718473,1.8250577639801349,1.0110839223815824,0.55
EURO 2020,2021-06-29,Sweden,Ukraine,1,2,0.39989729265942253,0.30100624070373516,0.29909646663684236,1.1858677205503956,0.9829404266495732,0.55
EURO 2020,2021-07-02,Switzerland,Spain,1,1,0.25100661847866257,0.27693757935656366,0.4720558021647737,0.977365765905174,1.4412506047699665,0.55
EURO 2020,2021-07-02,Belgium,Italy,1,2,0.3764685607425401,0.2855151187358729,0.33801632052158714,1.2340322783625242,1.1529493098464325,0.55
EURO 2020,2021-07-03,Ukraine,England,0,4,0.16253518480764617,0.25954816071114584,0.5779166544812079,0.6997448933421797,1.5872470567438088,0.55
EURO 2020,2021-07-03,Czech Republic,Denmark,1,2,0.16908235881943487,0.24123603451370018,0.5896816066668649,0.805960400665438,1.7710437714833187,0.55
EURO 2020,2021-07-06,Italy,Spain,1,1,0.3308144438471493,0.3052538489363472,0.36393170721650336,1.0574140141551167,1.111465039090906,0.55
EURO 2020,2021-07-07,England,Denmark,2,1,0.4600758995473061,0.28670613118948,0.2532179692632139,1.3542343345155086,0.9240764524514493,0.55
EURO 2020,2021-07-11,England,Italy,1,1,0.43080452998888463,0.2950783137743019,0.27411715623681343,1.2567439160159348,0.9395191374698207,0.55
WC 2022,2022-11-20,Qatar,Ecuador,0,2,0.4343343724582544,0.27823355203173683,0.28743207551000893,1.3527298689856173,1.1202522795822876,0.55
WC 2022,2022-11-21,Senegal,Netherlands,0,2,0.22863067776631318,0.2590407364167345,0.5123285858169524,0.9396827148473426,1.5530576290243259,0.55
WC 2022,2022-11-21,England,Iran,6,2,0.3710534698453557,0.29523543736433666,0.33371109279030775,1.1326760863935101,1.0691754197202656,0.55
WC 2022,2022-11-21,United States,Wales,1,1,0.48736311958873907,0.29010310875221407,0.22253377165904686,1.3024423383847512,0.7923318560352174,0.55
WC 2022,2022-11-22,France,Australia,4,1,0.45397617832003323,0.27167585185788545,0.2743479698220815,1.4111206715570623,1.032037575140709,0.55
WC 2022,2022-11-22,Denmark,Tunisia,0,0,0.41806583402373476,0.29392441877653297,0.28800974719973227,1.223680344121426,0.9676789293195567,0.55
WC 2022,2022-11-22,Argentina,Saudi Arabia,1,2,0.7202928794116393,0.197883431019815,0.08182368956854562,1.9597188893800732,0.4857738122857653,0.55
WC 2022,2022-11-22,Mexico,Poland,0,0,0.46000527115541423,0.271426860352152,0.2685678684924338,1.413811648173836,1.0209589377909554,0.55
WC 2022,2022-11-23,Belgium,Canada,1,0,0.40220939898163044,0.2615835601021863,0.3362070409161831,1.416072246147099,1.2662777975177395,0.55
WC 2022,2022-11-23,Morocco,Croatia,0,0,0.3497753280654223,0.2962990853360887,0.35392558659848905,1.0846811857083671,1.1034852286041117,0.55
WC 2022,2022-11-23,Germany,Japan,1,2,0.39048156003633155,0.2660701337866039,0.34344830617706457,1.3717300350011983,1.2643997112946779,0.55
WC 2022,2022-11-23,Spain,Costa Rica,7,0,0.536270815842324,0.27452588688431806,0.18920329727335816,1.4334925198981847,0.748757192036233,0.55
WC 2022,2022-11-24,Switzerland,Cameroon,1,0,0.4477238076273846,0.2924106412936511,0.25986555107896436,1.2641063937864945,0.8970609606881251,0.55
WC 2022,2022-11-24,Brazil,Serbia,2,0,0.6573267326143982,0.21133445667463627,0.13133881071096548,1.9582435782332306,0.7467687722576138,0.55
WC 2022,2022-11-24,Uruguay,South Korea,0,0,0.4808268934932376,0.2744124631839179,0.24476064332284445,1.4165595830428166,0.9258468098716498,0.55
WC 2022,2022-11-24,Portugal,Ghana,3,2,0.6426416427983566,0.22992715673769618,0.12743120046394718,1.7562989353524847,0.6218951172148497,0.55
WC 2022,2022-11-25,England,United States,0,0,0.3887534804806416,0.28569221182251564,0.32555430769684257,1.221595941733236,1.1042520053296314,0.55
WC 2022,2022-11-25,Qatar,Senegal,1,3,0.42773787271004593,0.2794501530698738,0.29281197422008,1.3244521848588668,1.0687397903620122,0.55
WC 2022,2022-11-25,Netherlands,Ecuador,1,1,0.48763152045060226,0.263641539307958,0.24872694024143976,1.5068724747391677,0.981623138116245,0.55
WC 2022,2022-11-25,Wales,Iran,0,2,0.21443465859226096,0.2961948440819538,0.4893704973257852,0.7470674530528476,1.2619061252034727,0.55
WC 2022,2022-11-26,Tunisia,Australia,0,1,0.3337537216910536,0.29816808586795057,0.3680781924409958,1.0480241296107558,1.1132478539764756,0.55
WC 2022,2022-11-26,France,Denmark,2,1,0.40337040100433763,0.2868924208475292,0.3097371781481333,1.2435321163174071,1.0651477078398286,0.55
WC 2022,2022-11-26,Poland,Saudi Arabia,2,0,0.40645537419508826,0.30017362285756166,0.2933710029473501,1.1732014017448453,0.9455715474287798,0.55
WC 2022,2022-11-26,Argentina,Mexico,2,0,0.6253240082674518,0.22827882253286252,0.14639716919968554,1.840064580800492,0.7362522640783513,0.55
WC 2022,2022-11-27,Belgium,Morocco,0,2,0.39219097746220044,0.27637518641798986,0.3314338361198099,1.3033562129032936,1.1660633575610762,0.55
WC 2022,2022-11-27,Croatia,Canada,4,1,0.35041242331515654,0.27810618859310526,0.3714813880917382,1.1824212049748222,1.250038416071144,0.55
WC 2022,2022-11-27,Japan,Costa Rica,0,1,0.407651611366828,0.3022081906596541,0.2901401979735177,1.159906347212813,0.9492157872078838,0.55
WC 2022,2022-11-27,Spain,Germany,1,1,0.4877128307992752,0.25650471797361574,0.25578245122710896,1.5748575748732816,1.0697575672461566,0.55
WC 2022,2022-11-28,South Korea,Ghana,2,3,0.48984965187659774,0.2821095434941698,0.22804080462923246,1.3724704336397657,0.8382099037413318,0.55
WC 2022,2022-11-28,Portugal,Uruguay,2,0,0.38866169696536945,0.2919791581101179,0.3193591449245127,1.1864705300939256,1.0342288699906703,0.55
WC 2022,2022-11-28,Cameroon,Serbia,3,3,0.2021217626679449,0.2661015542619718,0.5317766830700832,0.8157717221868631,1.5244287104590621,0.55
WC 2022,2022-11-28,Brazil,Switzerland,1,0,0.6943261903146675,0.19969288188170364,0.10598092780362894,1.9970803136239683,0.6310946855074434,0.55
WC 2022,2022-11-29,Ecuador,Senegal,1,2,0.3753153550822894,0.3035087195017199,0.32117592541599055,1.0945489422550119,1.0022371309910596,0.55
WC 2022,2022-11-29,Qatar,Netherlands,0,2,0.2993106798526829,0.2556666045704874,0.44502271557682965,1.1999120455766779,1.5878991145726675,0.55
WC 2022,2022-11-29,Wales,England,0,3,0.2064240629784811,0.27480164349606684,0.5187742935254521,0.8204119030014161,1.4169944131830143,0.55
WC 2022,2022-11-29,Iran,United States,0,1,0.35193209378781043,0.3088867406476358,0.3391811655645537,1.026478012181934,1.0088406533337357,0.55
WC 2022,2022-11-30,Poland,Argentina,0,2,0.09768986536344425,0.18475663050071664,0.7175535041358392,0.6469930442002871,2.158221388241393,0.55
WC 2022,2022-11-30,Saudi Arabia,Mexico,1,2,0.21536814349257727,0.2858984100796256,0.49873344642779716,0.784472106617466,1.345380804669385,0.55
WC 2022,2022-11-30,Australia,Denmark,1,0,0.3125003057819826,0.28775776897257044,0.3997419252454468,1.0472578546068596,1.2378252145005668,0.55
WC 2022,2022-11-30,Tunisia,France,1,0,0.2574025808555785,0.2789618692992525,0.46363554984516897,0.9565879059072577,1.363279807966789,0.55
WC 2022,2022-12-01,Japan,Spain,2,1,0.242349467301609,0.26776128863204784,0.48988924406634304,0.94665753566172,1.469776139739008,0.55
WC 2022,2022-12-01,Costa Rica,Germany,2,4,0.28194625044007365,0.27933942767377196,0.4387143218861543,1.041881930839095,1.3491083402363064,0.55
WC 2022,2022-12-01,Croatia,Belgium,0,0,0.3271733419449926,0.2638140696650541,0.4090125883899534,1.2303670885484976,1.4439541186729246,0.55
WC 2022,2022-12-01,Canada,Morocco,1,2,0.36334591298262253,0.29198573335453787,0.3446683536628396,1.1439594951919165,1.0876574846296707,0.55
WC 2022,2022-12-02,Serbia,Switzerland,2,3,0.42456309177446183,0.27336604914002727,0.302070859085511,1.3718075470253674,1.116426679457816,0.55
WC 2022,2022-12-02,Cameroon,Brazil,1,0,0.07395141820296666,0.18431322463518085,0.7417353571618525,0.48145088774518013,2.0446027729202894,0.55
WC 2022,2022-12-02,Ghana,Uruguay,0,2,0.14444294096841792,0.24512154650479542,0.6104355125267865,0.6534560510578802,1.6489924945043546,0.55
WC 2022,2022-12-02,South Korea,Portugal,2,1,0.2149465175232983,0.2624050502953363,0.5226484321813653,0.8704350393728666,1.533785358623018,0.55
WC 2022,2022-12-03,Argentina,Australia,2,1,0.6375154054803573,0.22177963709537962,0.14070495742426287,1.8753606520105417,0.7298273107993325,0.55
WC 2022,2022-12-03,Netherlands,United States,3,1,0.4298168001172492,0.27198680373729217,0.2981963961454587,1.3848911876185825,1.0928459446603263,0.55
WC 2022,2022-12-04,France,Poland,3,1,0.5332023756020062,0.252220207290198,0.2145774171077956,1.613976202479439,0.9344005350776784,0.55
WC 2022,2022-12-04,England,Senegal,3,0,0.45667338813966335,0.28308446460498554,0.26024214725535105,1.323163415039947,0.9637925736206732,0.55
WC 2022,2022-12-05,Japan,Croatia,1,1,0.3827714150237329,0.28085630978578735,0.3363722751904797,1.2474081458447128,1.1473084934861273,0.55
WC 2022,2022-12-05,Brazil,South Korea,4,1,0.6779101220598045,0.20717210715769466,0.11491777078250087,1.955804467452185,0.6696350659092267,0.55
WC 2022,2022-12-06,Morocco,Spain,0,0,0.22434284178515118,0.2778409629150826,0.4978161952997663,0.8418220581667317,1.4041075867318802,0.55
WC 2022,2022-12-06,Portugal,Switzerland,6,1,0.5356562557162512,0.2581618499323594,0.20618189435138967,1.5691390869309219,0.8547934959486192,0.55
WC 2022,2022-12-09,Netherlands,Argentina,2,2,0.20861904340374576,0.23667471707574467,0.5547062395205096,0.9993769564415864,1.7862119988701717,0.55
WC 2022,2022-12-09,Croatia,Brazil,1,1,0.1294587028268831,0.2154353387549555,0.6551059584181613,0.7087169731098337,1.8993552486895806,0.55
WC 2022,2022-12-10,Morocco,Portugal,1,0,0.24486821423600308,0.2828120438088388,0.47231974195515813,0.8800038820137561,1.3552764477468937,0.55
WC 2022,2022-12-10,England,France,1,2,0.3289802629278745,0.27902687290280836,0.3919928641693171,1.145715459102969,1.2809205777879038,0.55
WC 2022,2022-12-13,Argentina,Croatia,3,0,0.6211898891698246,0.227314359512402,0.1514957513177732,1.8290139700649468,0.7658821906493753,0.55
WC 2022,2022-12-14,France,Morocco,2,0,0.4293537484733416,0.2837093508848981,0.28693690064176014,1.3026090542636317,1.0216967627159081,0.55
WC 2022,2022-12-17,Croatia,Morocco,2,1,0.35304408912007396,0.2935610293982128,0.3533948814817133,1.1170049201260364,1.1065708980795432,0.55
WC 2022,2022-12-18,Argentina,France,3,3,0.521449151121492,0.25520015020183345,0.22335069867667456,1.6266614169781615,0.9509109738446087,0.55
EURO 2024,2024-06-14,Germany,Scotland,5,1,0.702254959973803,0.17801618181265405,0.11972885821354293,2.3673049721721338,0.8714197960367809,0.55
EURO 2024,2024-06-15,Hungary,Switzerland,1,3,0.323576914554354,0.2949606439977296,0.3814624414479163,1.0663534134074464,1.1743921527262324,0.55
EURO 2024,2024-06-15,Spain,Croatia,3,0,0.46906251689597234,0.2729645720898606,0.2579729110141671,1.4396028506745848,0.9944129136744314,0.55
EURO 2024,2024-06-15,Italy,Albania,2,1,0.541037981361183,0.28026285030344733,0.17869916833536986,1.4236934717647012,0.7086458964304424,0.55
EURO 2024,2024-06-16,Poland,Netherlands,1,2,0.2185283662392772,0.25491370547542247,0.5265579282853001,0.9425825447249303,1.625165314935571,0.55
EURO 2024,2024-06-16,Slovenia,Denmark,1,1,0.26473125208346654,0.30489448715542317,0.4303742607611103,0.8804776804361648,1.1992532195838843,0.55
EURO 2024,2024-06-16,Serbia,England,0,1,0.22133919307088784,0.26131709004578496,0.5173437168833273,0.9210166418690531,1.5549827259220754,0.55
EURO 2024,2024-06-17,Austria,France,0,1,0.2595511573013945,0.258264523559164,0.4821843191394416,1.1013791120822325,1.5841617000762303,0.55
EURO 2024,2024-06-17,Romania,Ukraine,3,0,0.2631300208032047,0.29659453946349995,0.44027543973329525,0.8901102674809529,1.2541063762236038,0.55
EURO 2024,2024-06-17,Belgium,Slovakia,0,1,0.586189607389446,0.24158926978276088,0.17222112282779325,1.7314459120351144,0.815547788823795,0.55
EURO 2024,2024-06-18,Turkey,Georgia,3,1,0.38788412025606317,0.2690902740430273,0.3430256057009095,1.3722558568976768,1.260217910784584,0.55
EURO 2024,2024-06-18,Portugal,Czech Republic,2,1,0.5601946658504166,0.23607272565632362,0.20373260849325975,1.8109021732466335,1.001749098551186,0.55
EURO 2024,2024-06-19,Scotland,Switzerland,1,1,0.21423405104351995,0.2534299251949134,0.5323360237615667,0.9319752865226442,1.6380944105673794,0.55
EURO 2024,2024-06-19,Germany,Hungary,2,0,0.5421644603436486,0.23890311127096633,0.21893242838538512,1.8333633587306337,1.0477564293317925,0.55
EURO 2024,2024-06-19,Croatia,Albania,2,2,0.5462863710782614,0.27343509945661365,0.1802785294651248,1.4677431343127711,0.7244205330038322,0.55
EURO 2024,2024-06-20,Denmark,England,1,1,0.2763522373468464,0.2940054536852702,0.42964230896788347,0.9592564939201207,1.2392276223274876,0.55
EURO 2024,2024-06-20,Spain,Italy,1,0,0.4625078918196466,0.2779262752088084,0.2595658329715451,1.4042771715213727,0.9785662494538054,0.55
EURO 2024,2024-06-20,Slovenia,Serbia,1,1,0.325226609406699,0.29261665311346297,0.382156737479838,1.1000395186900116,1.2063273452765935,0.55
EURO 2024,2024-06-21,Netherlands,France,0,0,0.35906174666257207,0.26491809462459476,0.376020158712833,1.3309203411775103,1.366426171440602,0.55
EURO 2024,2024-06-21,Poland,Austria,1,3,0.3238978500259202,0.28724762022115213,0.3888545297529278,1.1014614239389797,1.2324678205992954,0.55
EURO 2024,2024-06-21,Slovakia,Ukraine,1,2,0.3081974870425309,0.29174053438693265,0.4000619785705365,1.0419600798665918,1.233482451400619,0.55
EURO 2024,2024-06-22,Belgium,Romania,2,0,0.6261960906121813,0.23180409772850083,0.14199981165931813,1.784107942930414,0.704138013337918,0.55
EURO 2024,2024-06-22,Georgia,Czech Republic,1,1,0.25172443077261064,0.26090084140950126,0.4873747278178881,1.0296611070619868,1.545372678731121,0.55
EURO 2024,2024-06-22,Turkey,Portugal,0,3,0.12239710594319357,0.1883831819349021,0.6892197121219046,0.8221870415694532,2.2395608335758466,0.55
EURO 2024,2024-06-23,Germany,Switzerland,1,1,0.5187489249553865,0.24010780382157945,0.24114327122303372,1.8028656933797491,1.1366533898587268,0.55
EURO 2024,2024-06-23,Scotland,Hungary,0,1,0.24018645141796285,0.2700342327008156,0.4897793158812216,0.9426301685418164,1.5411332593771139,0.55
EURO 2024,2024-06-24,Albania,Spain,0,1,0.11105010400354365,0.209472878730755,0.6794770172657013,0.6533328634245966,1.9575183720955385,0.55
EURO 2024,2024-06-24,Croatia,Italy,1,1,0.3433339013254622,0.3033626281615861,0.35330347051295186,1.0646620781326885,1.0779276926647894,0.55
EURO 2024,2024-06-25,France,Poland,1,1,0.5217117444357409,0.24958604725401362,0.22870220831024565,1.6749512349903095,1.0252732944953142,0.55
EURO 2024,2024-06-25,Denmark,Serbia,0,0,0.4206669651527307,0.28336776509744643,0.29596526974982296,1.31338541371428,1.041943482222049,0.55
EURO 2024,2024-06-25,England,Slovenia,0,0,0.5140687707362757,0.2805403172368222,0.20539091202690218,1.4240136916008082,0.8223824610573737,0.55
EURO 2024,2024-06-25,Netherlands,Austria,2,3,0.48959439421245293,0.2611444155627655,0.24926119022478158,1.5564746782783194,1.019323519539264,0.55
EURO 2024,2024-06-26,Slovakia,Romania,1,1,0.385762755621559,0.3086357754507085,0.3056014689277327,1.1142781616265225,0.9535287039967941,0.55
EURO 2024,2024-06-26,Ukraine,Belgium,0,0,0.19979688556981381,0.250774634452366,0.5494284799778201,0.8880421969966457,1.6425842391285679,0.55
EURO 2024,2024-06-26,Georgia,Portugal,2,0,0.12212397448662118,0.19162902981889565,0.6862469956944831,0.8060606217231694,2.2047279670949624,0.55
EURO 2024,2024-06-26,Czech Republic,Turkey,1,2,0.4866098521296766,0.255981932644777,0.25740821522554647,1.5950296800469794,1.0989905936402178,0.55
EURO 2024,2024-06-29,Switzerland,Italy,2,0,0.2658512520950897,0.28858696484011875,0.4455617830647916,0.9383872920543376,1.3078807651890547,0.55
EURO 2024,2024-06-29,Germany,Denmark,2,0,0.4471603737161267,0.2593887910510582,0.293450835232815,1.541215242046515,1.198683635310005,0.55
EURO 2024,2024-06-30,Spain,Georgia,4,1,0.7192158741510224,0.17780752581810128,0.10297660003087626,2.307200175971965,0.7400408339390772,0.55
EURO 2024,2024-06-30,England,Slovakia,2,1,0.5319040680919361,0.26739617585916114,0.20069975604890264,1.5208516959844833,0.845463442205095,0.55
EURO 2024,2024-07-01,France,Belgium,1,0,0.35928641890058255,0.2674097122896446,0.37330386880977284,1.3106281058643243,1.3331333999320565,0.55
EURO 2024,2024-07-01,Portugal,Slovenia,0,0,0.5752518092370773,0.24514008323312275,0.17960810752980005,1.717149047426401,0.8752758600107231,0.55
EURO 2024,2024-07-02,Romania,Netherlands,0,3,0.1460904629628287,0.22981289404301877,0.6240966429941524,0.730135160570035,1.8170953671688892,0.55
EURO 2024,2024-07-02,Austria,Turkey,1,2,0.5293644098858161,0.2505215136533176,0.22011407646086645,1.6710218368234444,0.9940801617883481,0.55
EURO 2024,2024-07-05,Germany,Spain,1,2,0.3088996322859068,0.24429287616567924,0.4468074915484139,1.3562679584888535,1.6826523441300298,0.55
EURO 2024,2024-07-05,Portugal,France,0,0,0.3754497372685649,0.26219898808310926,0.3623512746483257,1.39205598607195,1.3692656407175803,0.55
EURO 2024,2024-07-06,England,Switzerland,1,1,0.49438378992214194,0.27396106388163916,0.23165514619621913,1.445589366606725,0.8983775460813055,0.55
EURO 2024,2024-07-06,Netherlands,Turkey,2,1,0.6718824525323551,0.19601718526994294,0.13210036219770185,2.1664277938175167,0.8484951327053994,0.55
EURO 2024,2024-07-09,Spain,France,2,1,0.4106818796278904,0.2642424109781117,0.32507570939399794,1.4386749174477562,1.25226625172365,0.55
EURO 2024,2024-07-10,Netherlands,England,1,2,0.3738044413833391,0.2845330342235884,0.34166252439307243,1.2302906586498845,1.166486338451467,0.55
EURO 2024,2024-07-14,Spain,England,2,1,0.4182653379126035,0.28249254249887035,0.299242119588526,1.3170760438673403,1.0601709075535857,0.55
